"timestamp","package_id","title","date","url","status","size_kb"
"2026-10-10 00:42:51","CHRG-119shrg63909","Arms Control and Transforming International Security Functions at the State Department","2026-03-24","https://api.govinfo.gov/packages/CHRG-119shrg63909/pdf","ok",343
"2026-10-10 00:43:02","CHRG-119shrg63707","A Pathway to European Energy Security","2026-02-04","https://api.govinfo.gov/packages/CHRG-119shrg63707/pdf","ok",9061.4
"2026-10-10 00:43:04","CHRG-119shrg64059","Countering Terrorism in North Africa: Opportunities and Challenges","2026-02-03","https://api.govinfo.gov/packages/CHRG-119shrg64059/pdf","ok",305.6
"2026-10-10 00:43:05","CHRG-119shrg61565","NATO Summit 2025: An Assessment of Transatlantic Security Cooperation","2025-06-18","https://api.govinfo.gov/packages/CHRG-119shrg61565/pdf","ok",429.7
"2026-10-10 00:43:11","CHRG-119shrg60820","East Africa & the Horn: At a Turning Point or Breaking Point?","2025-05-13","https://api.govinfo.gov/packages/CHRG-119shrg60820/pdf","ok",3862.2
"2026-10-10 00:43:19","CHRG-119shrg60819","Shared Threats: Indo Pacific Alliances and Burden Sharing in Today's Geopolitical Environment","2025-03-26","https://api.govinfo.gov/packages/CHRG-119shrg60819/pdf","ok",6403.8
"2026-10-10 00:43:21","CHRG-119shrg60060","PRC Influence and the Status of Taiwan's Diplomatic Allies in the Western Hemisphere","2025-03-26","https://api.govinfo.gov/packages/CHRG-119shrg60060/pdf","ok",378.6
"2026-10-10 00:43:22","CHRG-119shrg60032","Advancing American Interests in the Western Hemisphere","2025-03-05","https://api.govinfo.gov/packages/CHRG-119shrg60032/pdf","ok",384.2
"2026-10-10 00:43:36","CHRG-119shrg61202","Interdicting Illicit Drug Trafficking: A View from the Front Lines","2025-02-26","https://api.govinfo.gov/packages/CHRG-119shrg61202/pdf","ok",10312.3
"2026-10-10 00:43:44","CHRG-119shrg59893","After Assad: Navigating Syria Policy","2025-02-13","https://api.govinfo.gov/packages/CHRG-119shrg59893/pdf","ok",5472.7
